{
    "$schema": "https://schema.management.azure.com/schemas/2015-01-01/deploymentParameters.json#",
    "contentVersion": "1.0.0.0",
    "parameters": {
        "virtualMachines_VM2_name": {
            "value": null
        },
        "virtualNetworks_Vnet2_name": {
            "value": null
        },
        "networkInterfaces_vm2721_z1_name": {
            "value": null
        },
        "networkSecurityGroups_VM2_nsg_name": {
            "value": null
        },
        "virtualNetworks_Vnet1_externalid": {
            "value": null
        }
    }
}