{
    "$schema": "https://schema.management.azure.com/schemas/2019-04-01/deploymentTemplate.json#",
    "contentVersion": "1.0.0.0",
    "parameters": {
        "virtualMachines_VM2_name": {
            "defaultValue": "VM2",
            "type": "String"
        },
        "virtualNetworks_Vnet2_name": {
            "defaultValue": "Vnet2",
            "type": "String"
        },
        "networkInterfaces_vm2721_z1_name": {
            "defaultValue": "vm2721_z1",
            "type": "String"
        },
        "networkSecurityGroups_VM2_nsg_name": {
            "defaultValue": "VM2-nsg",
            "type": "String"
        },
        "virtualNetworks_Vnet1_externalid": {
            "defaultValue": "/subscriptions/31e3723e-255a-4959-8850-90d0e69403d3/resourceGroups/RG1/providers/Microsoft.Network/virtualNetworks/Vnet1",
            "type": "String"
        }
    },
    "variables": {},
    "resources": [
        {
            "type": "Microsoft.Network/networkSecurityGroups",
            "apiVersion": "2024-01-01",
            "name": "[parameters('networkSecurityGroups_VM2_nsg_name')]",
            "location": "francecentral",
            "properties": {
                "securityRules": [
                    {
                        "name": "RDP",
                        "id": "[resourceId('Microsoft.Network/networkSecurityGroups/securityRules', parameters('networkSecurityGroups_VM2_nsg_name'), 'RDP')]",
                        "type": "Microsoft.Network/networkSecurityGroups/securityRules",
                        "properties": {
                            "protocol": "TCP",
                            "sourcePortRange": "*",
                            "destinationPortRange": "3389",
                            "sourceAddressPrefix": "*",
                            "destinationAddressPrefix": "*",
                            "access": "Allow",
                            "priority": 300,
                            "direction": "Inbound",
                            "sourcePortRanges": [],
                            "destinationPortRanges": [],
                            "sourceAddressPrefixes": [],
                            "destinationAddressPrefixes": []
                        }
                    }
                ]
            }
        },
        {
            "type": "Microsoft.Network/virtualNetworks",
            "apiVersion": "2024-01-01",
            "name": "[parameters('virtualNetworks_Vnet2_name')]",
            "location": "francecentral",
            "properties": {
                "addressSpace": {
                    "addressPrefixes": [
                        "192.168.1.0/24"
                    ]
                },
                "encryption": {
                    "enabled": false,
                    "enforcement": "AllowUnencrypted"
                },
                "subnets": [
                    {
                        "name": "default",
                        "id": "[resourceId('Microsoft.Network/virtualNetworks/subnets', parameters('virtualNetworks_Vnet2_name'), 'default')]",
                        "properties": {
                            "addressPrefixes": [
                                "192.168.1.0/24"
                            ],
                            "delegations": [],
                            "privateEndpointNetworkPolicies": "Disabled",
                            "privateLinkServiceNetworkPolicies": "Enabled"
                        },
                        "type": "Microsoft.Network/virtualNetworks/subnets"
                    }
                ],
                "virtualNetworkPeerings": [
                    {
                        "name": "[concat('Peering-', parameters('virtualNetworks_Vnet2_name'), '-To-Vnet1')]",
                        "id": "[resourceId('Microsoft.Network/virtualNetworks/virtualNetworkPeerings', parameters('virtualNetworks_Vnet2_name'), concat('Peering-', parameters('virtualNetworks_Vnet2_name'), '-To-Vnet1'))]",
                        "properties": {
                            "peeringState": "Connected",
                            "peeringSyncLevel": "FullyInSync",
                            "remoteVirtualNetwork": {
                                "id": "[parameters('virtualNetworks_Vnet1_externalid')]"
                            },
                            "allowVirtualNetworkAccess": true,
                            "allowForwardedTraffic": false,
                            "allowGatewayTransit": false,
                            "useRemoteGateways": false,
                            "doNotVerifyRemoteGateways": false,
                            "peerCompleteVnets": true,
                            "remoteAddressSpace": {
                                "addressPrefixes": [
                                    "10.0.0.0/16",
                                    "10.1.255.0/27"
                                ]
                            },
                            "remoteVirtualNetworkAddressSpace": {
                                "addressPrefixes": [
                                    "10.0.0.0/16",
                                    "10.1.255.0/27"
                                ]
                            }
                        },
                        "type": "Microsoft.Network/virtualNetworks/virtualNetworkPeerings"
                    }
                ],
                "enableDdosProtection": false
            }
        },
        {
            "type": "Microsoft.Compute/virtualMachines",
            "apiVersion": "2024-07-01",
            "name": "[parameters('virtualMachines_VM2_name')]",
            "location": "francecentral",
            "dependsOn": [
                "[resourceId('Microsoft.Network/networkInterfaces', parameters('networkInterfaces_vm2721_z1_name'))]"
            ],
            "zones": [
                "1"
            ],
            "properties": {
                "hardwareProfile": {
                    "vmSize": "Standard_DS1_v2"
                },
                "additionalCapabilities": {
                    "hibernationEnabled": false
                },
                "storageProfile": {
                    "imageReference": {
                        "publisher": "MicrosoftWindowsServer",
                        "offer": "WindowsServer",
                        "sku": "2019-datacenter-gensecond",
                        "version": "latest"
                    },
                    "osDisk": {
                        "osType": "Windows",
                        "name": "[concat(parameters('virtualMachines_VM2_name'), '_OsDisk_1_237e59c1d199433391db020385bf3d96')]",
                        "createOption": "FromImage",
                        "caching": "ReadWrite",
                        "managedDisk": {
                            "storageAccountType": "Standard_LRS",
                            "id": "[resourceId('Microsoft.Compute/disks', concat(parameters('virtualMachines_VM2_name'), '_OsDisk_1_237e59c1d199433391db020385bf3d96'))]"
                        },
                        "deleteOption": "Delete",
                        "diskSizeGB": 127
                    },
                    "dataDisks": [],
                    "diskControllerType": "SCSI"
                },
                "osProfile": {
                    "computerName": "[parameters('virtualMachines_VM2_name')]",
                    "adminUsername": "mselim",
                    "windowsConfiguration": {
                        "provisionVMAgent": true,
                        "enableAutomaticUpdates": true,
                        "patchSettings": {
                            "patchMode": "AutomaticByOS",
                            "assessmentMode": "ImageDefault",
                            "enableHotpatching": false
                        }
                    },
                    "secrets": [],
                    "allowExtensionOperations": true,
                    "requireGuestProvisionSignal": true
                },
                "securityProfile": {
                    "uefiSettings": {
                        "secureBootEnabled": true,
                        "vTpmEnabled": true
                    },
                    "securityType": "TrustedLaunch"
                },
                "networkProfile": {
                    "networkInterfaces": [
                        {
                            "id": "[resourceId('Microsoft.Network/networkInterfaces', parameters('networkInterfaces_vm2721_z1_name'))]",
                            "properties": {
                                "deleteOption": "Detach"
                            }
                        }
                    ]
                },
                "diagnosticsProfile": {
                    "bootDiagnostics": {
                        "enabled": true
                    }
                }
            }
        },
        {
            "type": "Microsoft.Network/networkSecurityGroups/securityRules",
            "apiVersion": "2024-01-01",
            "name": "[concat(parameters('networkSecurityGroups_VM2_nsg_name'), '/RDP')]",
            "dependsOn": [
                "[resourceId('Microsoft.Network/networkSecurityGroups', parameters('networkSecurityGroups_VM2_nsg_name'))]"
            ],
            "properties": {
                "protocol": "TCP",
                "sourcePortRange": "*",
                "destinationPortRange": "3389",
                "sourceAddressPrefix": "*",
                "destinationAddressPrefix": "*",
                "access": "Allow",
                "priority": 300,
                "direction": "Inbound",
                "sourcePortRanges": [],
                "destinationPortRanges": [],
                "sourceAddressPrefixes": [],
                "destinationAddressPrefixes": []
            }
        },
        {
            "type": "Microsoft.Network/virtualNetworks/subnets",
            "apiVersion": "2024-01-01",
            "name": "[concat(parameters('virtualNetworks_Vnet2_name'), '/default')]",
            "dependsOn": [
                "[resourceId('Microsoft.Network/virtualNetworks', parameters('virtualNetworks_Vnet2_name'))]"
            ],
            "properties": {
                "addressPrefixes": [
                    "192.168.1.0/24"
                ],
                "delegations": [],
                "privateEndpointNetworkPolicies": "Disabled",
                "privateLinkServiceNetworkPolicies": "Enabled"
            }
        },
        {
            "type": "Microsoft.Network/virtualNetworks/virtualNetworkPeerings",
            "apiVersion": "2024-01-01",
            "name": "[concat(parameters('virtualNetworks_Vnet2_name'), '/Peering-', parameters('virtualNetworks_Vnet2_name'), '-To-Vnet1')]",
            "dependsOn": [
                "[resourceId('Microsoft.Network/virtualNetworks', parameters('virtualNetworks_Vnet2_name'))]"
            ],
            "properties": {
                "peeringState": "Connected",
                "peeringSyncLevel": "FullyInSync",
                "remoteVirtualNetwork": {
                    "id": "[parameters('virtualNetworks_Vnet1_externalid')]"
                },
                "allowVirtualNetworkAccess": true,
                "allowForwardedTraffic": false,
                "allowGatewayTransit": false,
                "useRemoteGateways": false,
                "doNotVerifyRemoteGateways": false,
                "peerCompleteVnets": true,
                "remoteAddressSpace": {
                    "addressPrefixes": [
                        "10.0.0.0/16",
                        "10.1.255.0/27"
                    ]
                },
                "remoteVirtualNetworkAddressSpace": {
                    "addressPrefixes": [
                        "10.0.0.0/16",
                        "10.1.255.0/27"
                    ]
                }
            }
        },
        {
            "type": "Microsoft.Network/networkInterfaces",
            "apiVersion": "2024-01-01",
            "name": "[parameters('networkInterfaces_vm2721_z1_name')]",
            "location": "francecentral",
            "dependsOn": [
                "[resourceId('Microsoft.Network/virtualNetworks/subnets', parameters('virtualNetworks_Vnet2_name'), 'default')]",
                "[resourceId('Microsoft.Network/networkSecurityGroups', parameters('networkSecurityGroups_VM2_nsg_name'))]"
            ],
            "kind": "Regular",
            "properties": {
                "ipConfigurations": [
                    {
                        "name": "ipconfig1",
                        "id": "[concat(resourceId('Microsoft.Network/networkInterfaces', parameters('networkInterfaces_vm2721_z1_name')), '/ipConfigurations/ipconfig1')]",
                        "type": "Microsoft.Network/networkInterfaces/ipConfigurations",
                        "properties": {
                            "privateIPAddress": "192.168.1.4",
                            "privateIPAllocationMethod": "Dynamic",
                            "subnet": {
                                "id": "[resourceId('Microsoft.Network/virtualNetworks/subnets', parameters('virtualNetworks_Vnet2_name'), 'default')]"
                            },
                            "primary": true,
                            "privateIPAddressVersion": "IPv4"
                        }
                    }
                ],
                "dnsSettings": {
                    "dnsServers": []
                },
                "enableAcceleratedNetworking": true,
                "enableIPForwarding": false,
                "disableTcpStateTracking": false,
                "networkSecurityGroup": {
                    "id": "[resourceId('Microsoft.Network/networkSecurityGroups', parameters('networkSecurityGroups_VM2_nsg_name'))]"
                },
                "nicType": "Standard",
                "auxiliaryMode": "None",
                "auxiliarySku": "None"
            }
        }
    ]
}