{
    "$schema": "https://schema.management.azure.com/schemas/2015-01-01/deploymentParameters.json#",
    "contentVersion": "1.0.0.0",
    "parameters": {
        "virtualMachines_VM1_name": {
            "value": null
        },
        "virtualNetworks_Vnet1_name": {
            "value": null
        },
        "networkInterfaces_vm1859_z3_name": {
            "value": null
        },
        "publicIPAddresses_Vnet_GW_ip_name": {
            "value": null
        },
        "networkSecurityGroups_VM1_nsg_name": {
            "value": null
        },
        "virtualNetworkGateways_Vnet_GW_name": {
            "value": null
        },
        "virtualNetworks_Vnet2_externalid": {
            "value": null
        }
    }
}