{
    "$schema": "https://schema.management.azure.com/schemas/2019-04-01/deploymentTemplate.json#",
    "contentVersion": "1.0.0.0",
    "parameters": {
        "virtualMachines_VM1_name": {
            "defaultValue": "VM1",
            "type": "String"
        },
        "virtualNetworks_Vnet1_name": {
            "defaultValue": "Vnet1",
            "type": "String"
        },
        "networkInterfaces_vm1859_z3_name": {
            "defaultValue": "vm1859_z3",
            "type": "String"
        },
        "publicIPAddresses_Vnet_GW_ip_name": {
            "defaultValue": "Vnet-GW-ip",
            "type": "String"
        },
        "networkSecurityGroups_VM1_nsg_name": {
            "defaultValue": "VM1-nsg",
            "type": "String"
        },
        "virtualNetworkGateways_Vnet_GW_name": {
            "defaultValue": "Vnet-GW",
            "type": "String"
        },
        "virtualNetworks_Vnet2_externalid": {
            "defaultValue": "/subscriptions/31e3723e-255a-4959-8850-90d0e69403d3/resourceGroups/RG2/providers/Microsoft.Network/virtualNetworks/Vnet2",
            "type": "String"
        }
    },
    "variables": {},
    "resources": [
        {
            "type": "Microsoft.Network/networkSecurityGroups",
            "apiVersion": "2024-01-01",
            "name": "[parameters('networkSecurityGroups_VM1_nsg_name')]",
            "location": "westeurope",
            "properties": {
                "securityRules": []
            }
        },
        {
            "type": "Microsoft.Network/publicIPAddresses",
            "apiVersion": "2024-01-01",
            "name": "[parameters('publicIPAddresses_Vnet_GW_ip_name')]",
            "location": "westeurope",
            "sku": {
                "name": "Standard",
                "tier": "Regional"
            },
            "zones": [
                "1",
                "2",
                "3"
            ],
            "properties": {
                "ipAddress": "4.245.115.156",
                "publicIPAddressVersion": "IPv4",
                "publicIPAllocationMethod": "Static",
                "idleTimeoutInMinutes": 4,
                "ipTags": [],
                "ddosSettings": {
                    "protectionMode": "VirtualNetworkInherited"
                }
            }
        },
        {
            "type": "Microsoft.Network/virtualNetworks",
            "apiVersion": "2024-01-01",
            "name": "[parameters('virtualNetworks_Vnet1_name')]",
            "location": "westeurope",
            "properties": {
                "addressSpace": {
                    "addressPrefixes": [
                        "10.0.0.0/16",
                        "10.1.255.0/27"
                    ]
                },
                "encryption": {
                    "enabled": false,
                    "enforcement": "AllowUnencrypted"
                },
                "subnets": [
                    {
                        "name": "default",
                        "id": "[resourceId('Microsoft.Network/virtualNetworks/subnets', parameters('virtualNetworks_Vnet1_name'), 'default')]",
                        "properties": {
                            "addressPrefixes": [
                                "10.0.0.0/24"
                            ],
                            "delegations": [],
                            "privateEndpointNetworkPolicies": "Disabled",
                            "privateLinkServiceNetworkPolicies": "Enabled"
                        },
                        "type": "Microsoft.Network/virtualNetworks/subnets"
                    },
                    {
                        "name": "GatewaySubnet",
                        "id": "[resourceId('Microsoft.Network/virtualNetworks/subnets', parameters('virtualNetworks_Vnet1_name'), 'GatewaySubnet')]",
                        "properties": {
                            "addressPrefixes": [
                                "10.1.255.0/27"
                            ],
                            "delegations": [],
                            "privateEndpointNetworkPolicies": "Disabled",
                            "privateLinkServiceNetworkPolicies": "Enabled"
                        },
                        "type": "Microsoft.Network/virtualNetworks/subnets"
                    }
                ],
                "virtualNetworkPeerings": [
                    {
                        "name": "[concat(parameters('virtualNetworks_Vnet1_name'), '-To-Vnet2')]",
                        "id": "[resourceId('Microsoft.Network/virtualNetworks/virtualNetworkPeerings', parameters('virtualNetworks_Vnet1_name'), concat(parameters('virtualNetworks_Vnet1_name'), '-To-Vnet2'))]",
                        "properties": {
                            "peeringState": "Connected",
                            "peeringSyncLevel": "FullyInSync",
                            "remoteVirtualNetwork": {
                                "id": "[parameters('virtualNetworks_Vnet2_externalid')]"
                            },
                            "allowVirtualNetworkAccess": true,
                            "allowForwardedTraffic": false,
                            "allowGatewayTransit": false,
                            "useRemoteGateways": false,
                            "doNotVerifyRemoteGateways": false,
                            "peerCompleteVnets": true,
                            "remoteAddressSpace": {
                                "addressPrefixes": [
                                    "192.168.1.0/24"
                                ]
                            },
                            "remoteVirtualNetworkAddressSpace": {
                                "addressPrefixes": [
                                    "192.168.1.0/24"
                                ]
                            }
                        },
                        "type": "Microsoft.Network/virtualNetworks/virtualNetworkPeerings"
                    }
                ],
                "enableDdosProtection": false
            }
        },
        {
            "type": "Microsoft.Compute/virtualMachines",
            "apiVersion": "2024-07-01",
            "name": "[parameters('virtualMachines_VM1_name')]",
            "location": "westeurope",
            "dependsOn": [
                "[resourceId('Microsoft.Network/networkInterfaces', parameters('networkInterfaces_vm1859_z3_name'))]"
            ],
            "zones": [
                "3"
            ],
            "properties": {
                "hardwareProfile": {
                    "vmSize": "Standard_DS1_v2"
                },
                "additionalCapabilities": {
                    "hibernationEnabled": false
                },
                "storageProfile": {
                    "imageReference": {
                        "publisher": "MicrosoftWindowsServer",
                        "offer": "WindowsServer",
                        "sku": "2019-datacenter-gensecond",
                        "version": "latest"
                    },
                    "osDisk": {
                        "osType": "Windows",
                        "name": "[concat(parameters('virtualMachines_VM1_name'), '_OsDisk_1_919d3a44bc604e77ae372a81d46e194b')]",
                        "createOption": "FromImage",
                        "caching": "ReadWrite",
                        "managedDisk": {
                            "storageAccountType": "Premium_LRS",
                            "id": "[resourceId('Microsoft.Compute/disks', concat(parameters('virtualMachines_VM1_name'), '_OsDisk_1_919d3a44bc604e77ae372a81d46e194b'))]"
                        },
                        "deleteOption": "Delete",
                        "diskSizeGB": 127
                    },
                    "dataDisks": [],
                    "diskControllerType": "SCSI"
                },
                "osProfile": {
                    "computerName": "[parameters('virtualMachines_VM1_name')]",
                    "adminUsername": "mselim",
                    "windowsConfiguration": {
                        "provisionVMAgent": true,
                        "enableAutomaticUpdates": true,
                        "patchSettings": {
                            "patchMode": "AutomaticByOS",
                            "assessmentMode": "ImageDefault",
                            "enableHotpatching": false
                        }
                    },
                    "secrets": [],
                    "allowExtensionOperations": true,
                    "requireGuestProvisionSignal": true
                },
                "networkProfile": {
                    "networkInterfaces": [
                        {
                            "id": "[resourceId('Microsoft.Network/networkInterfaces', parameters('networkInterfaces_vm1859_z3_name'))]",
                            "properties": {
                                "deleteOption": "Detach"
                            }
                        }
                    ]
                },
                "diagnosticsProfile": {
                    "bootDiagnostics": {
                        "enabled": true
                    }
                }
            }
        },
        {
            "type": "Microsoft.Network/virtualNetworks/subnets",
            "apiVersion": "2024-01-01",
            "name": "[concat(parameters('virtualNetworks_Vnet1_name'), '/default')]",
            "dependsOn": [
                "[resourceId('Microsoft.Network/virtualNetworks', parameters('virtualNetworks_Vnet1_name'))]"
            ],
            "properties": {
                "addressPrefixes": [
                    "10.0.0.0/24"
                ],
                "delegations": [],
                "privateEndpointNetworkPolicies": "Disabled",
                "privateLinkServiceNetworkPolicies": "Enabled"
            }
        },
        {
            "type": "Microsoft.Network/virtualNetworks/subnets",
            "apiVersion": "2024-01-01",
            "name": "[concat(parameters('virtualNetworks_Vnet1_name'), '/GatewaySubnet')]",
            "dependsOn": [
                "[resourceId('Microsoft.Network/virtualNetworks', parameters('virtualNetworks_Vnet1_name'))]"
            ],
            "properties": {
                "addressPrefixes": [
                    "10.1.255.0/27"
                ],
                "delegations": [],
                "privateEndpointNetworkPolicies": "Disabled",
                "privateLinkServiceNetworkPolicies": "Enabled"
            }
        },
        {
            "type": "Microsoft.Network/virtualNetworks/virtualNetworkPeerings",
            "apiVersion": "2024-01-01",
            "name": "[concat(parameters('virtualNetworks_Vnet1_name'), '/', parameters('virtualNetworks_Vnet1_name'), '-To-Vnet2')]",
            "dependsOn": [
                "[resourceId('Microsoft.Network/virtualNetworks', parameters('virtualNetworks_Vnet1_name'))]"
            ],
            "properties": {
                "peeringState": "Connected",
                "peeringSyncLevel": "FullyInSync",
                "remoteVirtualNetwork": {
                    "id": "[parameters('virtualNetworks_Vnet2_externalid')]"
                },
                "allowVirtualNetworkAccess": true,
                "allowForwardedTraffic": false,
                "allowGatewayTransit": false,
                "useRemoteGateways": false,
                "doNotVerifyRemoteGateways": false,
                "peerCompleteVnets": true,
                "remoteAddressSpace": {
                    "addressPrefixes": [
                        "192.168.1.0/24"
                    ]
                },
                "remoteVirtualNetworkAddressSpace": {
                    "addressPrefixes": [
                        "192.168.1.0/24"
                    ]
                }
            }
        },
        {
            "type": "Microsoft.Network/networkInterfaces",
            "apiVersion": "2024-01-01",
            "name": "[parameters('networkInterfaces_vm1859_z3_name')]",
            "location": "westeurope",
            "dependsOn": [
                "[resourceId('Microsoft.Network/virtualNetworks/subnets', parameters('virtualNetworks_Vnet1_name'), 'default')]",
                "[resourceId('Microsoft.Network/networkSecurityGroups', parameters('networkSecurityGroups_VM1_nsg_name'))]"
            ],
            "kind": "Regular",
            "properties": {
                "ipConfigurations": [
                    {
                        "name": "ipconfig1",
                        "id": "[concat(resourceId('Microsoft.Network/networkInterfaces', parameters('networkInterfaces_vm1859_z3_name')), '/ipConfigurations/ipconfig1')]",
                        "type": "Microsoft.Network/networkInterfaces/ipConfigurations",
                        "properties": {
                            "privateIPAddress": "10.0.0.4",
                            "privateIPAllocationMethod": "Dynamic",
                            "subnet": {
                                "id": "[resourceId('Microsoft.Network/virtualNetworks/subnets', parameters('virtualNetworks_Vnet1_name'), 'default')]"
                            },
                            "primary": true,
                            "privateIPAddressVersion": "IPv4"
                        }
                    }
                ],
                "dnsSettings": {
                    "dnsServers": []
                },
                "enableAcceleratedNetworking": true,
                "enableIPForwarding": false,
                "disableTcpStateTracking": false,
                "networkSecurityGroup": {
                    "id": "[resourceId('Microsoft.Network/networkSecurityGroups', parameters('networkSecurityGroups_VM1_nsg_name'))]"
                },
                "nicType": "Standard",
                "auxiliaryMode": "None",
                "auxiliarySku": "None"
            }
        },
        {
            "type": "Microsoft.Network/virtualNetworkGateways",
            "apiVersion": "2024-01-01",
            "name": "[parameters('virtualNetworkGateways_Vnet_GW_name')]",
            "location": "westeurope",
            "dependsOn": [
                "[resourceId('Microsoft.Network/publicIPAddresses', parameters('publicIPAddresses_Vnet_GW_ip_name'))]",
                "[resourceId('Microsoft.Network/virtualNetworks/subnets', parameters('virtualNetworks_Vnet1_name'), 'GatewaySubnet')]"
            ],
            "properties": {
                "enablePrivateIpAddress": false,
                "ipConfigurations": [
                    {
                        "name": "default",
                        "id": "[concat(resourceId('Microsoft.Network/virtualNetworkGateways', parameters('virtualNetworkGateways_Vnet_GW_name')), '/ipConfigurations/default')]",
                        "properties": {
                            "privateIPAllocationMethod": "Dynamic",
                            "publicIPAddress": {
                                "id": "[resourceId('Microsoft.Network/publicIPAddresses', parameters('publicIPAddresses_Vnet_GW_ip_name'))]"
                            },
                            "subnet": {
                                "id": "[resourceId('Microsoft.Network/virtualNetworks/subnets', parameters('virtualNetworks_Vnet1_name'), 'GatewaySubnet')]"
                            }
                        }
                    }
                ],
                "natRules": [],
                "virtualNetworkGatewayPolicyGroups": [],
                "enableBgpRouteTranslationForNat": false,
                "disableIPSecReplayProtection": false,
                "sku": {
                    "name": "VpnGw2AZ",
                    "tier": "VpnGw2AZ"
                },
                "gatewayType": "Vpn",
                "vpnType": "RouteBased",
                "enableBgp": false,
                "activeActive": false,
                "vpnClientConfiguration": {
                    "vpnClientAddressPool": {
                        "addressPrefixes": [
                            "172.16.0.0/16"
                        ]
                    },
                    "vpnClientProtocols": [
                        "SSTP",
                        "IkeV2"
                    ],
                    "vpnAuthenticationTypes": [
                        "Certificate"
                    ],
                    "vpnClientRootCertificates": [
                        {
                            "name": "rootcert",
                            "id": "[concat(resourceId('Microsoft.Network/virtualNetworkGateways', parameters('virtualNetworkGateways_Vnet_GW_name')), '/vpnClientRootCertificates/rootcert')]",
                            "properties": {
                                "publicCertData": "MIIC5TCCAc2gAwIBAgIQW8yoMZXO0JpIuFA65saxLTANBgkqhkiG9w0BAQsFADAV MRMwEQYDVQQDDApQMlN2cG5DZXJ0MB4XDTI0MTAwNTE0NDUxOFoXDTI1MTAwNTE1 MDUxOFowFTETMBEGA1UEAwwKUDJTdnBuQ2VydDCCASIwDQYJKoZIhvcNAQEBBQAD ggEPADCCAQoCggEBANDc7b4/UUkYl1g9c9AP32ZJ5uWZmGE6O8czN8MTlwZH3/b4 T5jSVCTJl4JX9lOm5gBwnWLtk/IUQdU3pmoGEIVfpanvPlVUajrEWK7kYOqlAlA0 NhD563sWSKRYvGFgbjLx2ymqg/CMlp5TOkOsjYnMbivYMDpy5KHmesmhLxhkI/zn LpY+d+NDshajKKLMZL/HZQvYFctpg2bQagdmnomR8wl+LRzhcISOa/YyiDkGzI+o LIfXDLjC4my7b6YDl9oimwtQoNtM4IiHB6vwixG9iZ+/cp/OroKeDBduD9NchfJ2 oMR4v3haZ1UhXKA0WAxejNtgKfRieotZjp/a0y0CAwEAAaMxMC8wDgYDVR0PAQH/ BAQDAgIEMB0GA1UdDgQWBBQsRqQydELnwkc4iawSGEqifTN+jzANBgkqhkiG9w0B AQsFAAOCAQEAfzoNWuAvKMViXFybJdwL1eqtpPguyR4iTkgFYN1/Agzyrz3tdBIu 4psHLklVt8nbIhZ9zU16mDFIQgiYuSEKKYt2dh9zoyme7GCCDbfoqYVom34GRYuy /dIgKdQ40GowpWygxZEzkZjJjARlUuLLMLAAzQp6gaxgtPI8zwxTzliGmERK1VIS JZMXnbmaGw30BRthWzybzqfduf8TtKBckqc5llP98U8nBKydV856FJvc8U9BDjXL QPQJMBEAZ0wcNj4bJwGPV7q0vHNGZRyOK7FCSaWll4dYom1m3nBcs4vR8fiqz8bs GefPSvAF1adYW4NSx+5Lfg+RM9KtJUqrgg=="
                            }
                        }
                    ],
                    "vpnClientRevokedCertificates": [],
                    "vngClientConnectionConfigurations": [],
                    "radiusServers": [],
                    "vpnClientIpsecPolicies": []
                },
                "bgpSettings": {
                    "asn": 65515,
                    "bgpPeeringAddress": "10.1.255.30",
                    "peerWeight": 0,
                    "bgpPeeringAddresses": [
                        {
                            "ipconfigurationId": "[concat(resourceId('Microsoft.Network/virtualNetworkGateways', parameters('virtualNetworkGateways_Vnet_GW_name')), '/ipConfigurations/default')]",
                            "customBgpIpAddresses": []
                        }
                    ]
                },
                "customRoutes": {
                    "addressPrefixes": []
                },
                "vpnGatewayGeneration": "Generation2",
                "allowRemoteVnetTraffic": false,
                "allowVirtualWanTraffic": false
            }
        }
    ]
}